Name,Type
Island Palm Leaf,Material
Island Branch,Material
Island Stone,Material
Island Clam,Material
Island Laver,Material
Island Coral,Material
Islewort,Material
Island Sand,Material
Island Vine,Material
Island Sap,Material
Island Apple,Material
Island Log,Material
Island Palm Log,Material
Island Copper Ore,Material
Island Limestone,Material
Island Rock Salt,Material
Island Clay,Material
Island Tinsand,Material
Island Sugarcane,Material
Island Cotton Boll,Material
Island Hemp,Material
Islefish,Material
Island Squid,Material
Island Jellyfish,Material
Island Iron Ore,Material
Island Quartz,Material
Island Leucogranite,Material
Multicolored Isleblooms,Material
Island Resin,Material
Island Coconut,Material
Island Beehive Chip,Material
Island Wood Opal,Material
Island Coal,Material
Island Glimshroom,Material
Island Effervescent Water,Material
Island Shale,Material
Island Marble,Material
Island Mythril Ore,Material
Island Spectrine,Material
Island Alyssum,RareMaterial
Raw Island Garnet,RareMaterial
Island Spruce Log,RareMaterial
Island Hammerhead,RareMaterial
Island Silver Ore,RareMaterial
Island Cave Shrimp,RareMaterial
Island Popoto Set,GardeningStarter
Island Cabbage Seeds,GardeningStarter
Island Pumpkin Seeds,GardeningStarter
Island Parsnip Seeds,GardeningStarter
Island Popoto,ProduceFromStarter
Island Cabbage,ProduceFromStarter
Isleberry,Produce
Island Pumpkin,ProduceFromStarter
Island Onion,Produce
Island Tomato,Produce
Island Wheat,Produce
Island Corn,Produce
Island Parsnip,ProduceFromStarter
Island Radish,Produce
Island Paprika,Produce
Island Leek,Produce
Sanctuary Fleece,Leavings
Sanctuary Claw,Leavings
Sanctuary Fur,Leavings
Sanctuary Feather,Leavings
Sanctuary Egg,Leavings
Sanctuary Carapace,Leavings
Sanctuary Fang,Leavings
Sanctuary Horn,Leavings
Sanctuary Milk,Leavings
